评论内容,,,,,,,,,,,,,,,,,,,
请教一下，睡眠不好的人不适合喝茶吧？,,,,,,,,,,,,,,,,,,,
出产绿茶的贵州被黑茶包围了,,,,,,,,,,,,,,,,,,,
一直对红碎茶不太理解,,,,,,,,,,,,,,,,,,,
铁观音不是绿茶啊,,,,,,,,,,,,,,,,,,,
安徽黑茶还是安化黑茶,,,,,,,,,,,,,,,,,,,
黑茶有啥牌子,,,,,,,,,,,,,,,,,,,
性平和性温有区别吗,,,,,,,,,,,,,,,,,,,
经常上火适合喝什么茶,,,,,,,,,,,,,,,,,,,
黑茶是什么茶呢,,,,,,,,,,,,,,,,,,,
那自己到底适合喝哪种啊？,,,,,,,,,,,,,,,,,,,
绿茶性寒啊？还会减少睡眠？,,,,,,,,,,,,,,,,,,,
怎么分辨自己是不是胃寒呢,,,,,,,,,,,,,,,,,,,
哪种提神好一点哇(除了绿茶)，我看有的说乌龙，你这怎么说红茶嘞，可以说说吗,,,,,,,,,,,,,,,,,,,
胃寒喝绿茶，请问有没有什么办法中和凉性啊？想喝茶提神，好像就绿茶有提到提神醒脑功能,,,,,,,,,,,,,,,,,,,
黑茶 贫血不适合喝吗？,,,,,,,,,,,,,,,,,,,
想提神，但是体寒，长痘上火喝什么茶,,,,,,,,,,,,,,,,,,,
这怎么样,,,,,,,,,,,,,,,,,,,
可以充当白水喝吗？,,,,,,,,,,,,,,,,,,,
朋友送的,,,,,,,,,,,,,,,,,,,
,,,,,,,,,,,,,,,,,,,
,,,,,,,,,,,,,,,,,,,
,,,,,,,,,,,,,,,,,,,
